<?xml version="1.0" encoding="utf-8"?>
<edmx:Edmx Version="4.0" xmlns:edmx="http://docs.oasis-open.org/odata/ns/edmx">
    <edmx:Reference Uri="https://sap.github.io/odata-vocabularies/vocabularies/Common.xml">
        <edmx:Include Alias="Common" Namespace="com.sap.vocabularies.Common.v1"/>
    </edmx:Reference>
    <edmx:Reference Uri="https://oasis-tcs.github.io/odata-vocabularies/vocabularies/Org.OData.Core.V1.xml">
        <edmx:Include Alias="Core" Namespace="Org.OData.Core.V1"/>
    </edmx:Reference>
    <edmx:Reference Uri="https://sap.github.io/odata-vocabularies/vocabularies/UI.xml">
        <edmx:Include Alias="UI" Namespace="com.sap.vocabularies.UI.v1"/>
    </edmx:Reference>
    <edmx:DataServices>
        <Schema Namespace="FullStackTrialService" xmlns="http://docs.oasis-open.org/odata/ns/edm">
            <EntityContainer Name="EntityContainer">
                <EntitySet Name="Risk" EntityType="FullStackTrialService.Risk">
                    <NavigationPropertyBinding Path="miti" Target="Mitigation"/>
                    <NavigationPropertyBinding Path="Supplier" Target="A_BusinessPartner"/>
                    <NavigationPropertyBinding Path="SiblingEntity" Target="Risk"/>
                </EntitySet>
                <EntitySet Name="Mitigation" EntityType="FullStackTrialService.Mitigation">
                    <NavigationPropertyBinding Path="risk" Target="Risk"/>
                    <NavigationPropertyBinding Path="SiblingEntity" Target="Mitigation"/>
                </EntitySet>
                <EntitySet Name="A_BusinessPartner" EntityType="FullStackTrialService.A_BusinessPartner"/>
            </EntityContainer>
            <EntityType Name="Risk">
                <Key>
                    <PropertyRef Name="ID"/>
                    <PropertyRef Name="IsActiveEntity"/>
                </Key>
                <Property Name="createdAt" Type="Edm.DateTimeOffset" Precision="7"/>
                <Property Name="createdBy" Type="Edm.String" MaxLength="255"/>
                <Property Name="modifiedAt" Type="Edm.DateTimeOffset" Precision="7"/>
                <Property Name="modifiedBy" Type="Edm.String" MaxLength="255"/>
                <Property Name="ID" Type="Edm.Guid" Nullable="false"/>
                <Property Name="title" Type="Edm.String" MaxLength="100"/>
                <Property Name="prio" Type="Edm.String" MaxLength="5"/>
                <Property Name="descr" Type="Edm.String" MaxLength="100"/>
                <Property Name="impact" Type="Edm.Int32"/>
                <Property Name="criticality" Type="Edm.Int32"/>
                <NavigationProperty Name="miti" Type="FullStackTrialService.Mitigation" Partner="risk">
                    <ReferentialConstraint Property="miti_ID" ReferencedProperty="ID"/>
                </NavigationProperty>
                <Property Name="miti_ID" Type="Edm.Guid"/>
                <NavigationProperty Name="Supplier" Type="FullStackTrialService.A_BusinessPartner">
                    <ReferentialConstraint Property="Supplier_BusinessPartner" ReferencedProperty="BusinessPartner"/>
                </NavigationProperty>
                <Property Name="Supplier_BusinessPartner" Type="Edm.String" MaxLength="10"/>
                <Property Name="IsActiveEntity" Type="Edm.Boolean" Nullable="false" DefaultValue="true"/>
                <Property Name="HasActiveEntity" Type="Edm.Boolean" Nullable="false" DefaultValue="false"/>
                <Property Name="HasDraftEntity" Type="Edm.Boolean" Nullable="false" DefaultValue="false"/>
                <NavigationProperty Name="DraftAdministrativeData" Type="FullStackTrialService.DraftAdministrativeData" ContainsTarget="true"/>
                <NavigationProperty Name="SiblingEntity" Type="FullStackTrialService.Risk"/>
            </EntityType>
            <EntityType Name="Mitigation">
                <Key>
                    <PropertyRef Name="ID"/>
                    <PropertyRef Name="IsActiveEntity"/>
                </Key>
                <Property Name="createdAt" Type="Edm.DateTimeOffset" Precision="7"/>
                <Property Name="createdBy" Type="Edm.String" MaxLength="255"/>
                <Property Name="modifiedAt" Type="Edm.DateTimeOffset" Precision="7"/>
                <Property Name="modifiedBy" Type="Edm.String" MaxLength="255"/>
                <Property Name="ID" Type="Edm.Guid" Nullable="false"/>
                <Property Name="description" Type="Edm.String" MaxLength="100"/>
                <Property Name="owner" Type="Edm.String" MaxLength="100"/>
                <Property Name="timeline" Type="Edm.String" MaxLength="100"/>
                <NavigationProperty Name="risk" Type="Collection(FullStackTrialService.Risk)" Partner="miti"/>
                <Property Name="IsActiveEntity" Type="Edm.Boolean" Nullable="false" DefaultValue="true"/>
                <Property Name="HasActiveEntity" Type="Edm.Boolean" Nullable="false" DefaultValue="false"/>
                <Property Name="HasDraftEntity" Type="Edm.Boolean" Nullable="false" DefaultValue="false"/>
                <NavigationProperty Name="DraftAdministrativeData" Type="FullStackTrialService.DraftAdministrativeData" ContainsTarget="true"/>
                <NavigationProperty Name="SiblingEntity" Type="FullStackTrialService.Mitigation"/>
            </EntityType>
            <EntityType Name="A_BusinessPartner">
                <Key>
                    <PropertyRef Name="BusinessPartner"/>
                </Key>
                <Property Name="BusinessPartner" Type="Edm.String" MaxLength="10" Nullable="false"/>
                <Property Name="Customer" Type="Edm.String" MaxLength="10"/>
                <Property Name="Supplier" Type="Edm.String" MaxLength="10"/>
                <Property Name="AcademicTitle" Type="Edm.String" MaxLength="4"/>
                <Property Name="AuthorizationGroup" Type="Edm.String" MaxLength="4"/>
                <Property Name="BusinessPartnerCategory" Type="Edm.String" MaxLength="1"/>
                <Property Name="BusinessPartnerFullName" Type="Edm.String" MaxLength="81"/>
                <Property Name="BusinessPartnerGrouping" Type="Edm.String" MaxLength="4"/>
                <Property Name="BusinessPartnerName" Type="Edm.String" MaxLength="81"/>
                <Property Name="BusinessPartnerUUID" Type="Edm.Guid"/>
                <Property Name="CorrespondenceLanguage" Type="Edm.String" MaxLength="2"/>
                <Property Name="CreatedByUser" Type="Edm.String" MaxLength="12"/>
                <Property Name="CreationDate" Type="Edm.Date"/>
                <Property Name="CreationTime" Type="Edm.TimeOfDay"/>
                <Property Name="FirstName" Type="Edm.String" MaxLength="40"/>
                <Property Name="FormOfAddress" Type="Edm.String" MaxLength="4"/>
                <Property Name="Industry" Type="Edm.String" MaxLength="10"/>
                <Property Name="InternationalLocationNumber1" Type="Edm.String" MaxLength="7"/>
                <Property Name="InternationalLocationNumber2" Type="Edm.String" MaxLength="5"/>
                <Property Name="IsFemale" Type="Edm.Boolean"/>
                <Property Name="IsMale" Type="Edm.Boolean"/>
                <Property Name="IsNaturalPerson" Type="Edm.String" MaxLength="1"/>
                <Property Name="IsSexUnknown" Type="Edm.Boolean"/>
                <Property Name="GenderCodeName" Type="Edm.String" MaxLength="1"/>
                <Property Name="Language" Type="Edm.String" MaxLength="2"/>
                <Property Name="LastChangeDate" Type="Edm.Date"/>
                <Property Name="LastChangeTime" Type="Edm.TimeOfDay"/>
                <Property Name="LastChangedByUser" Type="Edm.String" MaxLength="12"/>
                <Property Name="LastName" Type="Edm.String" MaxLength="40"/>
                <Property Name="LegalForm" Type="Edm.String" MaxLength="2"/>
                <Property Name="OrganizationBPName1" Type="Edm.String" MaxLength="40"/>
                <Property Name="OrganizationBPName2" Type="Edm.String" MaxLength="40"/>
                <Property Name="OrganizationBPName3" Type="Edm.String" MaxLength="40"/>
                <Property Name="OrganizationBPName4" Type="Edm.String" MaxLength="40"/>
                <Property Name="OrganizationFoundationDate" Type="Edm.Date"/>
                <Property Name="OrganizationLiquidationDate" Type="Edm.Date"/>
                <Property Name="SearchTerm1" Type="Edm.String" MaxLength="20"/>
                <Property Name="SearchTerm2" Type="Edm.String" MaxLength="20"/>
                <Property Name="AdditionalLastName" Type="Edm.String" MaxLength="40"/>
                <Property Name="BirthDate" Type="Edm.Date"/>
                <Property Name="BusinessPartnerBirthDateStatus" Type="Edm.String" MaxLength="1"/>
                <Property Name="BusinessPartnerBirthplaceName" Type="Edm.String" MaxLength="40"/>
                <Property Name="BusinessPartnerDeathDate" Type="Edm.Date"/>
                <Property Name="BusinessPartnerIsBlocked" Type="Edm.Boolean"/>
                <Property Name="BusinessPartnerType" Type="Edm.String" MaxLength="4"/>
                <Property Name="ETag" Type="Edm.String" MaxLength="26"/>
                <Property Name="GroupBusinessPartnerName1" Type="Edm.String" MaxLength="40"/>
                <Property Name="GroupBusinessPartnerName2" Type="Edm.String" MaxLength="40"/>
                <Property Name="IndependentAddressID" Type="Edm.String" MaxLength="10"/>
                <Property Name="InternationalLocationNumber3" Type="Edm.String" MaxLength="1"/>
                <Property Name="MiddleName" Type="Edm.String" MaxLength="40"/>
                <Property Name="NameCountry" Type="Edm.String" MaxLength="3"/>
                <Property Name="NameFormat" Type="Edm.String" MaxLength="2"/>
                <Property Name="PersonFullName" Type="Edm.String" MaxLength="80"/>
                <Property Name="PersonNumber" Type="Edm.String" MaxLength="10"/>
                <Property Name="IsMarkedForArchiving" Type="Edm.Boolean"/>
                <Property Name="BusinessPartnerIDByExtSystem" Type="Edm.String" MaxLength="20"/>
                <Property Name="BusinessPartnerPrintFormat" Type="Edm.String" MaxLength="1"/>
                <Property Name="BusinessPartnerOccupation" Type="Edm.String" MaxLength="4"/>
                <Property Name="BusPartMaritalStatus" Type="Edm.String" MaxLength="1"/>
                <Property Name="BusPartNationality" Type="Edm.String" MaxLength="3"/>
                <Property Name="BusinessPartnerBirthName" Type="Edm.String" MaxLength="40"/>
                <Property Name="BusinessPartnerSupplementName" Type="Edm.String" MaxLength="4"/>
                <Property Name="NaturalPersonEmployerName" Type="Edm.String" MaxLength="35"/>
                <Property Name="LastNamePrefix" Type="Edm.String" MaxLength="4"/>
                <Property Name="LastNameSecondPrefix" Type="Edm.String" MaxLength="4"/>
                <Property Name="Initials" Type="Edm.String" MaxLength="10"/>
                <Property Name="BPDataControllerIsNotRequired" Type="Edm.Boolean"/>
                <Property Name="TradingPartner" Type="Edm.String" MaxLength="6"/>
            </EntityType>
            <EntityType Name="DraftAdministrativeData">
                <Key>
                    <PropertyRef Name="DraftUUID"/>
                </Key>
                <Property Name="DraftUUID" Type="Edm.Guid" Nullable="false"/>
                <Property Name="CreationDateTime" Type="Edm.DateTimeOffset" Precision="7"/>
                <Property Name="CreatedByUser" Type="Edm.String" MaxLength="256"/>
                <Property Name="DraftIsCreatedByMe" Type="Edm.Boolean"/>
                <Property Name="LastChangeDateTime" Type="Edm.DateTimeOffset" Precision="7"/>
                <Property Name="LastChangedByUser" Type="Edm.String" MaxLength="256"/>
                <Property Name="InProcessByUser" Type="Edm.String" MaxLength="256"/>
                <Property Name="DraftIsProcessedByMe" Type="Edm.Boolean"/>
            </EntityType>
            <Action Name="draftPrepare" IsBound="true" EntitySetPath="in">
                <Parameter Name="in" Type="FullStackTrialService.Risk"/>
                <Parameter Name="SideEffectsQualifier" Type="Edm.String"/>
                <ReturnType Type="FullStackTrialService.Risk"/>
            </Action>
            <Action Name="draftPrepare" IsBound="true" EntitySetPath="in">
                <Parameter Name="in" Type="FullStackTrialService.Mitigation"/>
                <Parameter Name="SideEffectsQualifier" Type="Edm.String"/>
                <ReturnType Type="FullStackTrialService.Mitigation"/>
            </Action>
            <Action Name="draftActivate" IsBound="true" EntitySetPath="in">
                <Parameter Name="in" Type="FullStackTrialService.Risk"/>
                <ReturnType Type="FullStackTrialService.Risk"/>
            </Action>
            <Action Name="draftActivate" IsBound="true" EntitySetPath="in">
                <Parameter Name="in" Type="FullStackTrialService.Mitigation"/>
                <ReturnType Type="FullStackTrialService.Mitigation"/>
            </Action>
            <Action Name="draftEdit" IsBound="true" EntitySetPath="in">
                <Parameter Name="in" Type="FullStackTrialService.Risk"/>
                <Parameter Name="PreserveChanges" Type="Edm.Boolean"/>
                <ReturnType Type="FullStackTrialService.Risk"/>
            </Action>
            <Action Name="draftEdit" IsBound="true" EntitySetPath="in">
                <Parameter Name="in" Type="FullStackTrialService.Mitigation"/>
                <Parameter Name="PreserveChanges" Type="Edm.Boolean"/>
                <ReturnType Type="FullStackTrialService.Mitigation"/>
            </Action>
            <Annotations Target="FullStackTrialService.EntityContainer/Risk">
                <Annotation Term="Common.DraftRoot">
                    <Record Type="Common.DraftRootType">
                        <PropertyValue Property="ActivationAction" String="FullStackTrialService.draftActivate"/>
                        <PropertyValue Property="EditAction" String="FullStackTrialService.draftEdit"/>
                        <PropertyValue Property="PreparationAction" String="FullStackTrialService.draftPrepare"/>
                    </Record>
                </Annotation>
            </Annotations>
            <Annotations Target="FullStackTrialService.Risk/createdAt">
                <Annotation Term="UI.HiddenFilter" Bool="true"/>
                <Annotation Term="Core.Immutable" Bool="true"/>
                <Annotation Term="Core.Computed" Bool="true"/>
                <Annotation Term="Common.Label" String="{i18n>CreatedAt}"/>
                </Annotations>
                <Annotations Target="FullStackTrialService.Risk/createdBy">
                    <Annotation Term="UI.HiddenFilter" Bool="true"/>
                    <Annotation Term="Core.Immutable" Bool="true"/>
                    <Annotation Term="Core.Computed" Bool="true"/>
                    <Annotation Term="Core.Description" String="{i18n>UserID.Description}"/>
                        <Annotation Term="Common.Label" String="{i18n>CreatedBy}"/>
                        </Annotations>
                        <Annotations Target="FullStackTrialService.Risk/modifiedAt">
                            <Annotation Term="UI.HiddenFilter" Bool="true"/>
                            <Annotation Term="Core.Computed" Bool="true"/>
                            <Annotation Term="Common.Label" String="{i18n>ChangedAt}"/>
                            </Annotations>
                            <Annotations Target="FullStackTrialService.Risk/modifiedBy">
                                <Annotation Term="UI.HiddenFilter" Bool="true"/>
                                <Annotation Term="Core.Computed" Bool="true"/>
                                <Annotation Term="Core.Description" String="{i18n>UserID.Description}"/>
                                    <Annotation Term="Common.Label" String="{i18n>ChangedBy}"/>
                                    </Annotations>
                                    <Annotations Target="FullStackTrialService.Risk/ID">
                                        <Annotation Term="Core.Computed" Bool="true"/>
                                    </Annotations>
                                    <Annotations Target="FullStackTrialService.Risk/IsActiveEntity">
                                        <Annotation Term="UI.Hidden" Bool="true"/>
                                    </Annotations>
                                    <Annotations Target="FullStackTrialService.Risk/HasActiveEntity">
                                        <Annotation Term="UI.Hidden" Bool="true"/>
                                    </Annotations>
                                    <Annotations Target="FullStackTrialService.Risk/HasDraftEntity">
                                        <Annotation Term="UI.Hidden" Bool="true"/>
                                    </Annotations>
                                    <Annotations Target="FullStackTrialService.Risk/DraftAdministrativeData">
                                        <Annotation Term="UI.Hidden" Bool="true"/>
                                    </Annotations>
                                    <Annotations Target="FullStackTrialService.EntityContainer/Mitigation">
                                        <Annotation Term="Common.DraftRoot">
                                            <Record Type="Common.DraftRootType">
                                                <PropertyValue Property="ActivationAction" String="FullStackTrialService.draftActivate"/>
                                                <PropertyValue Property="EditAction" String="FullStackTrialService.draftEdit"/>
                                                <PropertyValue Property="PreparationAction" String="FullStackTrialService.draftPrepare"/>
                                            </Record>
                                        </Annotation>
                                    </Annotations>
                                    <Annotations Target="FullStackTrialService.Mitigation/createdAt">
                                        <Annotation Term="UI.HiddenFilter" Bool="true"/>
                                        <Annotation Term="Core.Immutable" Bool="true"/>
                                        <Annotation Term="Core.Computed" Bool="true"/>
                                        <Annotation Term="Common.Label" String="{i18n>CreatedAt}"/>
                                        </Annotations>
                                        <Annotations Target="FullStackTrialService.Mitigation/createdBy">
                                            <Annotation Term="UI.HiddenFilter" Bool="true"/>
                                            <Annotation Term="Core.Immutable" Bool="true"/>
                                            <Annotation Term="Core.Computed" Bool="true"/>
                                            <Annotation Term="Core.Description" String="{i18n>UserID.Description}"/>
                                                <Annotation Term="Common.Label" String="{i18n>CreatedBy}"/>
                                                </Annotations>
                                                <Annotations Target="FullStackTrialService.Mitigation/modifiedAt">
                                                    <Annotation Term="UI.HiddenFilter" Bool="true"/>
                                                    <Annotation Term="Core.Computed" Bool="true"/>
                                                    <Annotation Term="Common.Label" String="{i18n>ChangedAt}"/>
                                                    </Annotations>
                                                    <Annotations Target="FullStackTrialService.Mitigation/modifiedBy">
                                                        <Annotation Term="UI.HiddenFilter" Bool="true"/>
                                                        <Annotation Term="Core.Computed" Bool="true"/>
                                                        <Annotation Term="Core.Description" String="{i18n>UserID.Description}"/>
                                                            <Annotation Term="Common.Label" String="{i18n>ChangedBy}"/>
                                                            </Annotations>
                                                            <Annotations Target="FullStackTrialService.Mitigation/ID">
                                                                <Annotation Term="Core.Computed" Bool="true"/>
                                                            </Annotations>
                                                            <Annotations Target="FullStackTrialService.Mitigation/IsActiveEntity">
                                                                <Annotation Term="UI.Hidden" Bool="true"/>
                                                            </Annotations>
                                                            <Annotations Target="FullStackTrialService.Mitigation/HasActiveEntity">
                                                                <Annotation Term="UI.Hidden" Bool="true"/>
                                                            </Annotations>
                                                            <Annotations Target="FullStackTrialService.Mitigation/HasDraftEntity">
                                                                <Annotation Term="UI.Hidden" Bool="true"/>
                                                            </Annotations>
                                                            <Annotations Target="FullStackTrialService.Mitigation/DraftAdministrativeData">
                                                                <Annotation Term="UI.Hidden" Bool="true"/>
                                                            </Annotations>
                                                            <Annotations Target="FullStackTrialService.DraftAdministrativeData">
                                                                <Annotation Term="Common.Label" String="{i18n>Draft_DraftAdministrativeData}"/>
                                                                </Annotations>
                                                                <Annotations Target="FullStackTrialService.DraftAdministrativeData/DraftUUID">
                                                                    <Annotation Term="UI.Hidden" Bool="true"/>
                                                                    <Annotation Term="Common.Label" String="{i18n>Draft_DraftUUID}"/>
                                                                    </Annotations>
                                                                    <Annotations Target="FullStackTrialService.DraftAdministrativeData/CreationDateTime">
                                                                        <Annotation Term="Common.Label" String="{i18n>Draft_CreationDateTime}"/>
                                                                        </Annotations>
                                                                        <Annotations Target="FullStackTrialService.DraftAdministrativeData/CreatedByUser">
                                                                            <Annotation Term="Common.Label" String="{i18n>Draft_CreatedByUser}"/>
                                                                            </Annotations>
                                                                            <Annotations Target="FullStackTrialService.DraftAdministrativeData/DraftIsCreatedByMe">
                                                                                <Annotation Term="UI.Hidden" Bool="true"/>
                                                                                <Annotation Term="Common.Label" String="{i18n>Draft_DraftIsCreatedByMe}"/>
                                                                                </Annotations>
                                                                                <Annotations Target="FullStackTrialService.DraftAdministrativeData/LastChangeDateTime">
                                                                                    <Annotation Term="Common.Label" String="{i18n>Draft_LastChangeDateTime}"/>
                                                                                    </Annotations>
                                                                                    <Annotations Target="FullStackTrialService.DraftAdministrativeData/LastChangedByUser">
                                                                                        <Annotation Term="Common.Label" String="{i18n>Draft_LastChangedByUser}"/>
                                                                                        </Annotations>
                                                                                        <Annotations Target="FullStackTrialService.DraftAdministrativeData/InProcessByUser">
                                                                                            <Annotation Term="Common.Label" String="{i18n>Draft_InProcessByUser}"/>
                                                                                            </Annotations>
                                                                                            <Annotations Target="FullStackTrialService.DraftAdministrativeData/DraftIsProcessedByMe">
                                                                                                <Annotation Term="UI.Hidden" Bool="true"/>
                                                                                                <Annotation Term="Common.Label" String="{i18n>Draft_DraftIsProcessedByMe}"/>
                                                                                                </Annotations>
                                                                                            </Schema>
                                                                                        </edmx:DataServices>
                                                                                    </edmx:Edmx>