{
  "index.html": 1697443849846,
  "test/integration/pages/RiskObjectPage.js": 1697443849894,
  "test/integration/pages/RiskList.js": 1697443849894,
  "test/integration/opaTests.qunit.js": 1697443849878,
  "test/integration/FirstJourney.js": 1697443849918,
  "test/testsuite.qunit.js": 1697443849870,
  "xs-app.json": 1698031701772,
  "manifest.json": 1698031701776,
  "Component.js": 1697443849846,
  "Component-dbg.js": 1697443849846,
  "Component.js.map": 1698031727400,
  "test/integration/pages/RiskList-dbg.js": 1697443849894,
  "test/integration/pages/RiskList.js.map": 1698031727394,
  "test/integration/opaTests.qunit-dbg.js": 1697443849878,
  "test/integration/opaTests.qunit.js.map": 1698031727394,
  "test/integration/FirstJourney-dbg.js": 1697443849918,
  "test/integration/FirstJourney.js.map": 1698031727397,
  "test/testsuite.qunit-dbg.js": 1697443849870,
  "test/testsuite.qunit.js.map": 1698031727400,
  "test/integration/pages/RiskObjectPage-dbg.js": 1697443849894,
  "test/integration/pages/RiskObjectPage.js.map": 1698031727398,
  "Component-preload.js": 1698031727492,
  "Component-preload.js.map": 1698031727492,
  "test/integration/opaTests.qunit.html": 1697443849874,
  "test/testsuite.qunit.html": 1697443849870,
  "test/flpSandbox.html": 1697443849870,
  "localService/metadata.xml": 1697443849866,
  "i18n/i18n.properties": 1697443900273
}