{
  "Component.js.map": 1697513440405,
  "test/integration/pages/RiskObjectPage.js": 1697443849894,
  "test/integration/pages/RiskList.js": 1697443849894,
  "test/integration/opaTests.qunit.js": 1697443849878,
  "test/integration/FirstJourney.js": 1697443849918,
  "test/testsuite.qunit.js": 1697443849870,
  "xs-app.json": 1697513431793,
  "manifest.json": 1697513431801,
  "Component.js": 1697443849846,
  "test/integration/FirstJourney-dbg.js": 1697443849918,
  "test/integration/FirstJourney.js.map": 1697513440418,
  "test/integration/pages/RiskList-dbg.js": 1697443849894,
  "test/integration/pages/RiskList.js.map": 1697513440409,
  "test/integration/opaTests.qunit-dbg.js": 1697443849878,
  "test/integration/opaTests.qunit.js.map": 1697513440397,
  "test/integration/pages/RiskObjectPage-dbg.js": 1697443849894,
  "test/integration/pages/RiskObjectPage.js.map": 1697513440410,
  "test/testsuite.qunit-dbg.js": 1697443849870,
  "test/testsuite.qunit.js.map": 1697513440403,
  "Component-dbg.js": 1697443849846,
  "i18n/i18n.properties": 1697443900273,
  "Component-preload.js": 1697513440513,
  "Component-preload.js.map": 1697513440513,
  "test/integration/opaTests.qunit.html": 1697443849874,
  "test/testsuite.qunit.html": 1697443849870,
  "test/flpSandbox.html": 1697443849870,
  "localService/metadata.xml": 1697443849866,
  "index.html": 1697443849846
}