{
  "test/testsuite.qunit.js.map": 1697522412521,
  "xs-app.json": 1697522400470,
  "test/integration/pages/RiskList.js": 1697443849894,
  "test/integration/opaTests.qunit.js": 1697443849878,
  "test/integration/FirstJourney.js": 1697443849918,
  "test/testsuite.qunit.js": 1697443849870,
  "test/integration/pages/RiskObjectPage.js": 1697443849894,
  "manifest.json": 1697522400474,
  "Component.js": 1697443849846,
  "test/integration/pages/RiskList-dbg.js": 1697443849894,
  "test/integration/pages/RiskList.js.map": 1697522412521,
  "test/integration/opaTests.qunit-dbg.js": 1697443849878,
  "test/integration/opaTests.qunit.js.map": 1697522412521,
  "test/integration/FirstJourney-dbg.js": 1697443849918,
  "test/integration/FirstJourney.js.map": 1697522412521,
  "test/testsuite.qunit-dbg.js": 1697443849870,
  "i18n/i18n.properties": 1697443900273,
  "test/integration/pages/RiskObjectPage-dbg.js": 1697443849894,
  "test/integration/pages/RiskObjectPage.js.map": 1697522412572,
  "Component-dbg.js": 1697443849846,
  "Component.js.map": 1697522412525,
  "Component-preload.js": 1697522412757,
  "Component-preload.js.map": 1697522412757,
  "test/integration/opaTests.qunit.html": 1697443849874,
  "test/testsuite.qunit.html": 1697443849870,
  "test/flpSandbox.html": 1697443849870,
  "localService/metadata.xml": 1697443849866,
  "index.html": 1697443849846
}